
{
"position": {
    "x": -2.343209528167577,
    "y": -7.669366491304061,
    "z": 0.0
},
"orientation": {
    "x": 0.0,
    "y": 0.0,
    "z": 0.9862424273391749,
    "w": 0.16530539772231392
}
}



