{
    "table": {"x": -3.3867896424525674, "y": -9.255665618066706, "z": 0, "roll": 0, "pitch": 0, "yaw": -90.84},
    "sofa": {"x": -3.404519747270577, "y": -8.645523168603836, "z": 0, "roll": 0, "pitch": 0, "yaw": -175.6},
    "potted plant": {"x": -2.2588221460632796, "y": -6.7341234222334165, "z": 0, "roll": 0, "pitch": 0, "yaw": 77.99},
    "sink": {"x": -1.9604595771167008, "y": -7.072012946568507, "z": 0, "roll": 0, "pitch": 0, "yaw": -8.83},
    "refrigerator": {"x": -2.3583741296518586, "y": -7.817786863141954, "z": 0, "roll": 0, "pitch": 0, "yaw": -20.47},
    "user": {"x": -3.3, "y": -3.3, "z": 0, "roll": 0, "pitch": 0, "yaw": -8}
}