{
    "timestamp_pc": 1680647403.378437,
    "x": 2.610419755354065e-05,
    "y": 6.914541356151105e-09,
    "theta": 6.283168676548499,
    "x_vel": 0.0006215294641893546,
    "y_vel": 0.0,
    "theta_vel": -0.0027545600646680913,
    "pose_time_s": 11.136498928070068,
    "effort": [
        0,
        0
    ],
    "left_wheel": {
        "mode": 6,
        "effort_ticks": -0.46732357144355774,
        "effort_pct": -0.2159898859613082,
        "current": -0.00604771680691663,
        "pos": -106.52529907226562,
        "vel": 0.11797741800546646,
        "err": -0.00029827404068782926,
        "diag": 256,
        "timestamp": 1680647403.3249533,
        "debug": -6102.16455078125,
        "guarded_event": 0,
        "transport": {
            "rate": 23.878215127466497,
            "read_error": 0,
            "write_error": 0,
            "itr": 268,
            "transaction_time_avg": 0,
            "transaction_time_max": 0,
            "timestamp_pc": 0
        },
        "pos_calibrated": False,
        "runstop_on": False,
        "near_pos_setpoint": False,
        "near_vel_setpoint": False,
        "is_moving": False,
        "is_moving_filtered": False,
        "at_current_limit": False,
        "is_mg_accelerating": False,
        "is_mg_moving": False,
        "calibration_rcvd": True,
        "in_guarded_event": False,
        "in_safety_event": False,
        "waiting_on_sync": False,
        "in_sync_mode": False,
        "trace_on": 0,
        "waypoint_traj": {
            "state": "idle",
            "setpoint": 0.0,
            "segment_id": 0
        }
    },
    "right_wheel": {
        "mode": 6,
        "effort_ticks": -0.4250989556312561,
        "effort_pct": -0.19647430722453013,
        "current": -0.0055012806022868435,
        "pos": -71.1692886352539,
        "vel": 0.03799254819750786,
        "err": -0.0010396981379017234,
        "diag": 264,
        "timestamp": 1680647403.3077593,
        "debug": -4079.897705078125,
        "guarded_event": 0,
        "transport": {
            "rate": 23.719145855953673,
            "read_error": 0,
            "write_error": 0,
            "itr": 268,
            "transaction_time_avg": 0,
            "transaction_time_max": 0,
            "timestamp_pc": 0
        },
        "pos_calibrated": False,
        "runstop_on": False,
        "near_pos_setpoint": False,
        "near_vel_setpoint": True,
        "is_moving": False,
        "is_moving_filtered": False,
        "at_current_limit": False,
        "is_mg_accelerating": False,
        "is_mg_moving": False,
        "calibration_rcvd": True,
        "in_guarded_event": False,
        "in_safety_event": False,
        "waiting_on_sync": False,
        "in_sync_mode": False,
        "trace_on": 0,
        "waypoint_traj": {
            "state": "idle",
            "setpoint": 0.0,
            "segment_id": 0
        }
    },
    "translation_force": 0,
    "rotation_torque": 0
}