{
    
    "HOME": {"x" : -2.38, "y":-7.66, "theta":180},
    "BOTTLE" : {"x" : -3.05, "y":-1.96, "theta":0},

    "201" : {"x" : -3.6002912521362305, "y" : -4.489521503448486, "theta" : 0},
    "202" : {"x" : -3.69, "y":-3.83, "theta":0}

}
