{

    
    "HOME": {"x" : -2.38, "y":-7.66, "theta":180},
    "BOTTLE" : {"x" : -3.6, "y":-4.54, "theta":240},
    
    "201" : {"x" : -4.311476783752441, "y" : -1.6926142692565918, "theta" : 90},
    "202" : {"x" : -3.69, "y":-3.83, "theta":0}

    
}